{
  "splits": {
    "eval": {
      "sft": {
        "accuracy": 0.3,
        "avg_path_coverage": 0.30833333333333335,
        "avg_total_reward": -1.0108333333333335,
        "n_examples": 20
      },
      "base": {
        "accuracy": 0.0,
        "avg_path_coverage": 0.0,
        "avg_total_reward": -2.0,
        "n_examples": 20
      },
      "rsft": {
        "accuracy": 0.75,
        "avg_path_coverage": 0.32666666666666666,
        "avg_total_reward": 0.3816666666666667,
        "n_examples": 20
      }
    }
  },
  "curves": {
    "steps": [
      0,
      200,
      300
    ],
    "eval_accuracy": [
      0.0,
      0.3,
      0.75
    ],
    "eval_path_coverage": [
      0.0,
      0.30833333333333335,
      0.32666666666666666
    ]
  },
  "run_id": "run_0001"
}